{
  "version": "1.2.0-beta.0",
  "graph": {
    "nodes": [
      {
        "id": "n0",
        "position": {
          "x": 300,
          "y": 217.2666333229911
        },
        "caption": "Livros"
      },
      {
        "id": "n1",
        "position": {
          "x": 86.51484521532312,
          "y": 337.55253115211565
        },
        "caption": "Autor"
      },
      {
        "id": "n2",
        "position": {
          "x": 254.8522252495733,
          "y": 0
        },
        "caption": "Genero"
      },
      {
        "id": "n3",
        "position": {
          "x": 534.4707816795863,
          "y": 217.2666333229911
        },
        "caption": "Emprestimo"
      },
      {
        "id": "n4",
        "position": {
          "x": 705.2913772803516,
          "y": 62.20629867714415
        },
        "caption": "Cliente"
      },
      {
        "id": "n5",
        "position": {
          "x": 62.71199147849806,
          "y": 132.28835568762108
        },
        "caption": "Editora"
      }
    ],
    "relationships": [
      {
        "id": "n0",
        "type": "CONTEM_GENERO",
        "fromId": "n0",
        "toId": "n2"
      },
      {
        "id": "n1",
        "type": "PUBLICADO_POR",
        "fromId": "n0",
        "toId": "n5"
      },
      {
        "id": "n2",
        "type": "ESCRITO_POR",
        "fromId": "n0",
        "toId": "n1"
      },
      {
        "id": "n3",
        "type": "RESERVA_LIVRO",
        "fromId": "n3",
        "toId": "n0"
      },
      {
        "id": "n4",
        "type": "EMPRESTA",
        "fromId": "n4",
        "toId": "n3"
      }
    ]
  },
  "dataModel": {
    "version": "1.2.0-beta.0",
    "graphSchemaRepresentation": {
      "version": "1.0.0",
      "graphSchema": {
        "nodeLabels": [
          {
            "$id": "nl:n0",
            "token": "Livros"
          },
          {
            "$id": "nl:n1",
            "token": "Autor"
          },
          {
            "$id": "nl:n2",
            "token": "Genero"
          },
          {
            "$id": "nl:n3",
            "token": "Emprestimo"
          },
          {
            "$id": "nl:n4",
            "token": "Cliente"
          },
          {
            "$id": "nl:n5",
            "token": "Editora"
          }
        ],
        "nodeObjectTypes": [
          {
            "$id": "n:n0",
            "labels": [
              {
                "$ref": "#nl:n0"
              }
            ],
            "properties": [
              {
                "$id": "p:1",
                "token": "codlivro",
                "type": {
                  "type": "integer"
                },
                "nullable": true
              },
              {
                "$id": "p:2",
                "token": "titulo",
                "type": {
                  "type": "string"
                },
                "nullable": true
              },
              {
                "$id": "p:6",
                "token": "quantidade",
                "type": {
                  "type": "integer"
                },
                "nullable": true
              },
              {
                "$id": "p:36",
                "token": "codgenero",
                "type": {
                  "type": "integer"
                },
                "nullable": true
              },
              {
                "$id": "p:38",
                "token": "codeditora",
                "type": {
                  "type": "integer"
                },
                "nullable": true
              },
              {
                "$id": "p:39",
                "token": "codautor",
                "type": {
                  "type": "integer"
                },
                "nullable": true
              }
            ]
          },
          {
            "$id": "n:n1",
            "labels": [
              {
                "$ref": "#nl:n1"
              }
            ],
            "properties": [
              {
                "$id": "p:7",
                "token": "codautor",
                "type": {
                  "type": "integer"
                },
                "nullable": true
              },
              {
                "$id": "p:8",
                "token": "nomeautor",
                "type": {
                  "type": "string"
                },
                "nullable": true
              }
            ]
          },
          {
            "$id": "n:n2",
            "labels": [
              {
                "$ref": "#nl:n2"
              }
            ],
            "properties": [
              {
                "$id": "p:9",
                "token": "codgenero",
                "type": {
                  "type": "integer"
                },
                "nullable": true
              },
              {
                "$id": "p:10",
                "token": "nomegenero",
                "type": {
                  "type": "string"
                },
                "nullable": true
              }
            ]
          },
          {
            "$id": "n:n3",
            "labels": [
              {
                "$ref": "#nl:n3"
              }
            ],
            "properties": [
              {
                "$id": "p:11",
                "token": "codemprestimo",
                "type": {
                  "type": "integer"
                },
                "nullable": true
              },
              {
                "$id": "p:12",
                "token": "codlivro",
                "type": {
                  "type": "integer"
                },
                "nullable": true
              },
              {
                "$id": "p:13",
                "token": "codcliente",
                "type": {
                  "type": "integer"
                },
                "nullable": true
              },
              {
                "$id": "p:14",
                "token": "data_emprestimo",
                "type": {
                  "type": "string"
                },
                "nullable": true
              },
              {
                "$id": "p:15",
                "token": "data_devolucao_real",
                "type": {
                  "type": "string"
                },
                "nullable": true
              },
              {
                "$id": "p:16",
                "token": "dias",
                "type": {
                  "type": "integer"
                },
                "nullable": true
              }
            ]
          },
          {
            "$id": "n:n4",
            "labels": [
              {
                "$ref": "#nl:n4"
              }
            ],
            "properties": [
              {
                "$id": "p:17",
                "token": "id",
                "type": {
                  "type": "integer"
                },
                "nullable": true
              },
              {
                "$id": "p:18",
                "token": "nome",
                "type": {
                  "type": "string"
                },
                "nullable": true
              },
              {
                "$id": "p:19",
                "token": "email",
                "type": {
                  "type": "string"
                },
                "nullable": true
              },
              {
                "$id": "p:20",
                "token": "telefone",
                "type": {
                  "type": "string"
                },
                "nullable": true
              },
              {
                "$id": "p:21",
                "token": "endereco",
                "type": {
                  "type": "string"
                },
                "nullable": true
              }
            ]
          },
          {
            "$id": "n:n5",
            "labels": [
              {
                "$ref": "#nl:n5"
              }
            ],
            "properties": [
              {
                "$id": "p:22",
                "token": "codeditora",
                "type": {
                  "type": "integer"
                },
                "nullable": true
              },
              {
                "$id": "p:23",
                "token": "nomeeditora",
                "type": {
                  "type": "string"
                },
                "nullable": true
              }
            ]
          }
        ],
        "relationshipTypes": [
          {
            "$id": "rt:n0",
            "token": "CONTEM_GENERO"
          },
          {
            "$id": "rt:n1",
            "token": "PUBLICADO_POR"
          },
          {
            "$id": "rt:n2",
            "token": "ESCRITO_POR"
          },
          {
            "$id": "rt:n3",
            "token": "RESERVA_LIVRO"
          },
          {
            "$id": "rt:n4",
            "token": "EMPRESTA"
          }
        ],
        "relationshipObjectTypes": [
          {
            "$id": "r:n0",
            "type": {
              "$ref": "#rt:n0"
            },
            "from": {
              "$ref": "#n:n0"
            },
            "to": {
              "$ref": "#n:n2"
            },
            "properties": [
              {
                "$id": "p:25",
                "token": "codgenero",
                "type": {
                  "type": "integer"
                },
                "nullable": true
              },
              {
                "$id": "p:37",
                "token": "codlivro",
                "type": {
                  "type": "integer"
                },
                "nullable": true
              }
            ]
          },
          {
            "$id": "r:n1",
            "type": {
              "$ref": "#rt:n1"
            },
            "from": {
              "$ref": "#n:n0"
            },
            "to": {
              "$ref": "#n:n5"
            },
            "properties": [
              {
                "$id": "p:27",
                "token": "codeditora",
                "type": {
                  "type": "integer"
                },
                "nullable": true
              },
              {
                "$id": "p:35",
                "token": "codlivro",
                "type": {
                  "type": "integer"
                },
                "nullable": true
              }
            ]
          },
          {
            "$id": "r:n2",
            "type": {
              "$ref": "#rt:n2"
            },
            "from": {
              "$ref": "#n:n0"
            },
            "to": {
              "$ref": "#n:n1"
            },
            "properties": [
              {
                "$id": "p:29",
                "token": "codautor",
                "type": {
                  "type": "integer"
                },
                "nullable": true
              },
              {
                "$id": "p:34",
                "token": "codlivro",
                "type": {
                  "type": "integer"
                },
                "nullable": true
              }
            ]
          },
          {
            "$id": "r:n3",
            "type": {
              "$ref": "#rt:n3"
            },
            "from": {
              "$ref": "#n:n3"
            },
            "to": {
              "$ref": "#n:n0"
            },
            "properties": [
              {
                "$id": "p:30",
                "token": "codemprestimo",
                "type": {
                  "type": "integer"
                },
                "nullable": true
              },
              {
                "$id": "p:31",
                "token": "codlivro",
                "type": {
                  "type": "integer"
                },
                "nullable": true
              }
            ]
          },
          {
            "$id": "r:n4",
            "type": {
              "$ref": "#rt:n4"
            },
            "from": {
              "$ref": "#n:n4"
            },
            "to": {
              "$ref": "#n:n3"
            },
            "properties": [
              {
                "$id": "p:32",
                "token": "codemprestimo",
                "type": {
                  "type": "integer"
                },
                "nullable": true
              },
              {
                "$id": "p:33",
                "token": "codcliente",
                "type": {
                  "type": "integer"
                },
                "nullable": true
              }
            ]
          }
        ]
      }
    },
    "graphSchemaExtensionsRepresentation": {
      "nodeKeyProperties": [
        {
          "node": {
            "$ref": "#n:n0"
          },
          "keyProperty": {
            "$ref": "#p:1"
          }
        },
        {
          "node": {
            "$ref": "#n:n1"
          },
          "keyProperty": {
            "$ref": "#p:7"
          }
        },
        {
          "node": {
            "$ref": "#n:n2"
          },
          "keyProperty": {
            "$ref": "#p:9"
          }
        },
        {
          "node": {
            "$ref": "#n:n3"
          },
          "keyProperty": {
            "$ref": "#p:11"
          }
        },
        {
          "node": {
            "$ref": "#n:n4"
          },
          "keyProperty": {
            "$ref": "#p:17"
          }
        },
        {
          "node": {
            "$ref": "#n:n5"
          },
          "keyProperty": {
            "$ref": "#p:22"
          }
        }
      ]
    },
    "graphMappingRepresentation": {
      "dataSourceSchema": {
        "type": "local/csv",
        "tableSchemas": [
          {
            "$id": "t:2",
            "name": "genero.csv",
            "expanded": true,
            "fields": [
              {
                "name": "codgenero",
                "type": "integer",
                "sample": "1",
                "include": true
              },
              {
                "name": "nomegenero",
                "type": "string",
                "sample": "Romance",
                "include": true
              }
            ]
          },
          {
            "$id": "t:3",
            "name": "emprestimo.csv",
            "expanded": true,
            "fields": [
              {
                "name": "codemprestimo",
                "type": "integer",
                "sample": "1",
                "include": true
              },
              {
                "name": "codlivro",
                "type": "integer",
                "sample": "7",
                "include": true
              },
              {
                "name": "codcliente",
                "type": "integer",
                "sample": "10",
                "include": true
              },
              {
                "name": "data_emprestimo",
                "type": "datetime",
                "sample": "2023-07-29",
                "include": true
              },
              {
                "name": "data_devolucao_real",
                "type": "string",
                "sample": "2023-06-07",
                "include": true
              },
              {
                "name": "dias",
                "type": "integer",
                "sample": "13",
                "include": true
              }
            ]
          },
          {
            "$id": "t:4",
            "name": "cliente.csv",
            "expanded": true,
            "fields": [
              {
                "name": "id",
                "type": "integer",
                "sample": "1",
                "include": true
              },
              {
                "name": "nome",
                "type": "string",
                "sample": "João Silva",
                "include": true
              },
              {
                "name": "email",
                "type": "string",
                "sample": "joao.silva@example.com",
                "include": true
              },
              {
                "name": "telefone",
                "type": "string",
                "sample": "123-456-7890",
                "include": true
              },
              {
                "name": "endereco",
                "type": "string",
                "sample": "123 Rua das Flores",
                "include": true
              }
            ]
          },
          {
            "$id": "t:5",
            "name": "autor.csv",
            "expanded": true,
            "fields": [
              {
                "name": "codautor",
                "type": "integer",
                "sample": "1",
                "include": true
              },
              {
                "name": "nomeautor",
                "type": "string",
                "sample": "João Silva",
                "include": true
              }
            ]
          },
          {
            "$id": "t:6",
            "name": "editora.csv",
            "expanded": true,
            "fields": [
              {
                "name": "codeditora",
                "type": "integer",
                "sample": "1",
                "include": true
              },
              {
                "name": "nomeeditora",
                "type": "string",
                "sample": "Editora Monaco",
                "include": true
              }
            ]
          },
          {
            "$id": "t:7",
            "name": "livros.csv",
            "expanded": true,
            "fields": [
              {
                "name": "codlivro",
                "type": "integer",
                "sample": "1",
                "include": true
              },
              {
                "name": "titulo",
                "type": "string",
                "sample": "O Segredo do Destino",
                "include": true
              },
              {
                "name": "codautor",
                "type": "integer",
                "sample": "10",
                "include": true
              },
              {
                "name": "codeditora",
                "type": "integer",
                "sample": "9",
                "include": true
              },
              {
                "name": "codgenero",
                "type": "integer",
                "sample": "15",
                "include": true
              },
              {
                "name": "quantidade",
                "type": "integer",
                "sample": "2",
                "include": true
              }
            ]
          }
        ]
      },
      "nodeMappings": [
        {
          "node": {
            "$ref": "#n:n1"
          },
          "tableSchema": {
            "$ref": "#t:5"
          },
          "propertyMappings": [
            {
              "fieldName": "codautor",
              "property": {
                "$ref": "#p:7"
              }
            },
            {
              "fieldName": "nomeautor",
              "property": {
                "$ref": "#p:8"
              }
            }
          ]
        },
        {
          "node": {
            "$ref": "#n:n2"
          },
          "tableSchema": {
            "$ref": "#t:2"
          },
          "propertyMappings": [
            {
              "fieldName": "codgenero",
              "property": {
                "$ref": "#p:9"
              }
            },
            {
              "fieldName": "nomegenero",
              "property": {
                "$ref": "#p:10"
              }
            }
          ]
        },
        {
          "node": {
            "$ref": "#n:n3"
          },
          "tableSchema": {
            "$ref": "#t:3"
          },
          "propertyMappings": [
            {
              "fieldName": "codemprestimo",
              "property": {
                "$ref": "#p:11"
              }
            },
            {
              "fieldName": "codlivro",
              "property": {
                "$ref": "#p:12"
              }
            },
            {
              "fieldName": "codcliente",
              "property": {
                "$ref": "#p:13"
              }
            },
            {
              "fieldName": "data_emprestimo",
              "property": {
                "$ref": "#p:14"
              }
            },
            {
              "fieldName": "data_devolucao_real",
              "property": {
                "$ref": "#p:15"
              }
            },
            {
              "fieldName": "dias",
              "property": {
                "$ref": "#p:16"
              }
            }
          ]
        },
        {
          "node": {
            "$ref": "#n:n4"
          },
          "tableSchema": {
            "$ref": "#t:4"
          },
          "propertyMappings": [
            {
              "fieldName": "id",
              "property": {
                "$ref": "#p:17"
              }
            },
            {
              "fieldName": "nome",
              "property": {
                "$ref": "#p:18"
              }
            },
            {
              "fieldName": "email",
              "property": {
                "$ref": "#p:19"
              }
            },
            {
              "fieldName": "telefone",
              "property": {
                "$ref": "#p:20"
              }
            },
            {
              "fieldName": "endereco",
              "property": {
                "$ref": "#p:21"
              }
            }
          ]
        },
        {
          "node": {
            "$ref": "#n:n5"
          },
          "tableSchema": {
            "$ref": "#t:6"
          },
          "propertyMappings": [
            {
              "fieldName": "codeditora",
              "property": {
                "$ref": "#p:22"
              }
            },
            {
              "fieldName": "nomeeditora",
              "property": {
                "$ref": "#p:23"
              }
            }
          ]
        },
        {
          "node": {
            "$ref": "#n:n0"
          },
          "tableSchema": {
            "$ref": "#t:7"
          },
          "propertyMappings": [
            {
              "fieldName": "codlivro",
              "property": {
                "$ref": "#p:1"
              }
            },
            {
              "fieldName": "titulo",
              "property": {
                "$ref": "#p:2"
              }
            },
            {
              "fieldName": "quantidade",
              "property": {
                "$ref": "#p:6"
              }
            },
            {
              "property": {
                "$ref": "#p:36"
              },
              "fieldName": "codgenero"
            },
            {
              "property": {
                "$ref": "#p:38"
              },
              "fieldName": "codeditora"
            },
            {
              "property": {
                "$ref": "#p:39"
              },
              "fieldName": "codautor"
            }
          ]
        }
      ],
      "relationshipMappings": [
        {
          "relationship": {
            "$ref": "#r:n3"
          },
          "tableSchema": {
            "$ref": "#t:3"
          },
          "propertyMappings": [
            {
              "fieldName": "codemprestimo",
              "property": {
                "$ref": "#p:30"
              }
            },
            {
              "fieldName": "codlivro",
              "property": {
                "$ref": "#p:31"
              }
            }
          ],
          "fromMapping": {
            "fieldName": "codemprestimo"
          },
          "toMapping": {
            "fieldName": "codlivro"
          }
        },
        {
          "relationship": {
            "$ref": "#r:n4"
          },
          "tableSchema": {
            "$ref": "#t:3"
          },
          "propertyMappings": [
            {
              "fieldName": "codemprestimo",
              "property": {
                "$ref": "#p:32"
              }
            },
            {
              "fieldName": "codcliente",
              "property": {
                "$ref": "#p:33"
              }
            }
          ],
          "fromMapping": {
            "fieldName": "codcliente"
          },
          "toMapping": {
            "fieldName": "codemprestimo"
          }
        },
        {
          "relationship": {
            "$ref": "#r:n0"
          },
          "tableSchema": {
            "$ref": "#t:7"
          },
          "propertyMappings": [
            {
              "property": {
                "$ref": "#p:25"
              },
              "fieldName": "codgenero"
            },
            {
              "fieldName": "codlivro",
              "property": {
                "$ref": "#p:37"
              }
            }
          ],
          "fromMapping": {
            "fieldName": "codlivro"
          },
          "toMapping": {
            "fieldName": "codgenero"
          }
        },
        {
          "relationship": {
            "$ref": "#r:n1"
          },
          "tableSchema": {
            "$ref": "#t:7"
          },
          "propertyMappings": [
            {
              "fieldName": "codeditora",
              "property": {
                "$ref": "#p:27"
              }
            },
            {
              "fieldName": "codlivro",
              "property": {
                "$ref": "#p:35"
              }
            }
          ],
          "fromMapping": {
            "fieldName": "codlivro"
          },
          "toMapping": {
            "fieldName": "codeditora"
          }
        },
        {
          "relationship": {
            "$ref": "#r:n2"
          },
          "tableSchema": {
            "$ref": "#t:7"
          },
          "propertyMappings": [
            {
              "property": {
                "$ref": "#p:29"
              },
              "fieldName": "codautor"
            },
            {
              "fieldName": "codlivro",
              "property": {
                "$ref": "#p:34"
              }
            }
          ],
          "fromMapping": {
            "fieldName": "codlivro"
          },
          "toMapping": {
            "fieldName": "codautor"
          }
        }
      ]
    },
    "configurations": {
      "idsToIgnore": []
    }
  }
}